<code_scheme name="Default" version="173">
  <Objective-C>
    <option name="INDENT_NAMESPACE_MEMBERS" value="2" />
    <option name="INDENT_C_STRUCT_MEMBERS" value="2" />
    <option name="INDENT_CLASS_MEMBERS" value="2" />
    <option name="INDENT_INSIDE_CODE_BLOCK" value="2" />
  </Objective-C>
  <Objective-C-extensions>
    <file>
      <option name="com.jetbrains.cidr.lang.util.OCDeclarationKind" value="Import" />
      <option name="com.jetbrains.cidr.lang.util.OCDeclarationKind" value="Macro" />
      <option name="com.jetbrains.cidr.lang.util.OCDeclarationKind" value="Typedef" />
      <option name="com.jetbrains.cidr.lang.util.OCDeclarationKind" value="Enum" />
      <option name="com.jetbrains.cidr.lang.util.OCDeclarationKind" value="Constant" />
      <option name="com.jetbrains.cidr.lang.util.OCDeclarationKind" value="Global" />
      <option name="com.jetbrains.cidr.lang.util.OCDeclarationKind" value="Struct" />
      <option name="com.jetbrains.cidr.lang.util.OCDeclarationKind" value="FunctionPredecl" />
      <option name="com.jetbrains.cidr.lang.util.OCDeclarationKind" value="Function" />
    </file>
    <class>
      <option name="com.jetbrains.cidr.lang.util.OCDeclarationKind" value="Property" />
      <option name="com.jetbrains.cidr.lang.util.OCDeclarationKind" value="Synthesize" />
      <option name="com.jetbrains.cidr.lang.util.OCDeclarationKind" value="InitMethod" />
      <option name="com.jetbrains.cidr.lang.util.OCDeclarationKind" value="StaticMethod" />
      <option name="com.jetbrains.cidr.lang.util.OCDeclarationKind" value="InstanceMethod" />
      <option name="com.jetbrains.cidr.lang.util.OCDeclarationKind" value="DeallocMethod" />
    </class>
    <extensions>
      <pair source="cpp" header="h" fileNamingConvention="NONE" />
      <pair source="c" header="h" fileNamingConvention="NONE" />
    </extensions>
  </Objective-C-extensions>
  <codeStyleSettings language="ObjectiveC">
    <indentOptions>
      <option name="INDENT_SIZE" value="2" />
      <option name="TAB_SIZE" value="2" />
    </indentOptions>
  </codeStyleSettings>
</code_scheme>