<application>
  <component name="FileTypeManager" version="18">
    <ignoreFiles list="*$py.class;*.pyc;*.pyo;*.rbc;*.yarb;*~;.DS_Store;.git;.hg;.svn;CVS;__pycache__;_svn;vssver.scc;vssver2.scc" />
    <extensionMap>
      <mapping pattern="run_may_validation" type="AUTO_DETECTED" />
      <mapping pattern="lint_result_new_rc_inference" type="AUTO_DETECTED" />
      <mapping pattern="profiling.sh" type="AUTO_DETECTED" />
      <mapping pattern="Dockerfile_JA" type="AUTO_DETECTED" />
      <mapping pattern="create_video_grid" type="AUTO_DETECTED" />
      <mapping pattern="s" type="AUTO_DETECTED" />
      <mapping pattern="lint_result_new_rc" type="AUTO_DETECTED" />
      <mapping ext="readme" type="Markdown" />
      <mapping pattern=".pylintrc" type="PLAIN_TEXT" />
      <mapping pattern=".clang-format" type="PLAIN_TEXT" />
      <mapping pattern="CodeBuild_failed_logs" type="PLAIN_TEXT" />
      <mapping pattern="word_file_chs" type="PLAIN_TEXT" />
      <mapping pattern="word_file" type="PLAIN_TEXT" />
      <mapping pattern="JA_minimal_python_packages" type="PLAIN_TEXT" />
      <mapping pattern="temp" type="PLAIN_TEXT" />
      <mapping pattern="Dockerfile_base" type="PLAIN_TEXT" />
      <mapping pattern="FOT_fields_ground_truth_CAN3" type="PLAIN_TEXT" />
      <mapping pattern="FOT_fields_ground_truth_CAN5" type="PLAIN_TEXT" />
      <mapping pattern="FOT_fields_ground_truth_CAN4" type="PLAIN_TEXT" />
      <mapping pattern=".env" type="PLAIN_TEXT" />
      <mapping pattern="JA_jupyter_packages" type="PLAIN_TEXT" />
      <mapping pattern="TRI-HIGHLY-CONFIDENTIAL" type="PLAIN_TEXT" />
      <mapping ext="pickle" type="PLAIN_TEXT" />
      <removed_mapping ext="bash" approved="true" type="YAML" />
      <removed_mapping ext="bat" approved="true" type="PLAIN_TEXT" />
      <removed_mapping ext="cmd" approved="true" type="PLAIN_TEXT" />
      <removed_mapping ext="dockerfile" approved="true" type="textmate" />
      <removed_mapping ext="log" approved="true" type="PLAIN_TEXT" />
      <removed_mapping ext="makefile" approved="true" type="textmate" />
      <removed_mapping ext="sh" approved="true" type="PLAIN_TEXT" />
      <removed_mapping ext="snakefile" approved="true" type="textmate" />
      <mapping ext="csv" type="CSV/TSV" />
      <mapping ext="tsv" type="CSV/TSV" />
      <mapping pattern="Dockerfile_backup" type="Dockerfile" />
    </extensionMap>
  </component>
</application>