<keymap version="1" name="Default copy" parent="Default for XWin">
  <action id="Back">
    <mouse-shortcut keystroke="button4" />
    <keyboard-shortcut first-keystroke="alt left" />
    <keyboard-shortcut first-keystroke="alt x" />
  </action>
  <action id="Diff.NextChange" />
  <action id="Diff.PrevChange" />
  <action id="EvaluateExpression">
    <keyboard-shortcut first-keystroke="alt f8" />
    <keyboard-shortcut first-keystroke="alt w" />
  </action>
  <action id="Find">
    <keyboard-shortcut first-keystroke="ctrl f" />
  </action>
  <action id="FindUsages">
    <keyboard-shortcut first-keystroke="alt f3" />
  </action>
  <action id="Forward">
    <mouse-shortcut keystroke="button5" />
    <keyboard-shortcut first-keystroke="alt right" />
    <keyboard-shortcut first-keystroke="alt c" />
  </action>
  <action id="JumpToLastChange">
    <keyboard-shortcut first-keystroke="shift alt left" />
  </action>
  <action id="JumpToNextChange">
    <keyboard-shortcut first-keystroke="shift alt right" />
  </action>
  <action id="NextEditorTab" />
  <action id="NextTab" />
  <action id="PreviousEditorTab" />
  <action id="PreviousTab" />
  <action id="RecentChangedFiles" />
  <action id="RecentLocations">
    <keyboard-shortcut first-keystroke="shift ctrl q" />
  </action>
  <action id="Tool_External Tools_black">
    <keyboard-shortcut first-keystroke="shift ctrl e" />
  </action>
  <action id="Tool_External Tools_yapf">
    <keyboard-shortcut first-keystroke="shift ctrl e" />
  </action>
  <action id="Vcs.Log.GoToRef">
    <keyboard-shortcut first-keystroke="ctrl f" />
  </action>
</keymap>